precision_bits,layer_name,mae,rmse,cosine_similarity,kl_divergence
10,model.layers.0.input,0.0003321190015412867,0.0005088300677016377,0.9999091625213623,2.0638435671571642e-07
10,model.layers.0.input_layernorm.input,0.0003321190015412867,0.0005088300677016377,0.9999091625213623,2.0638435671571642e-07
10,model.layers.0.input_layernorm.output,0.011839502491056919,0.018347512930631638,0.9998987317085266,0.004375107120722532
10,model.layers.0.linear_attn.conv1d.input,0.022532248869538307,0.03343584015965462,0.9999395608901978,0.9836878180503845
10,model.layers.0.linear_attn.conv1d.output,0.004934211727231741,0.01862778142094612,0.9999199509620667,0.19690392911434174
10,model.layers.0.linear_attn.in_proj_a.input,0.011839502491056919,0.018347512930631638,0.9998987317085266,0.004375107120722532
10,model.layers.0.linear_attn.in_proj_a.output,0.04572105407714844,0.056235432624816895,0.9999072551727295,0.0034954696893692017
10,model.layers.0.linear_attn.in_proj_b.input,0.011839502491056919,0.018347512930631638,0.9998987317085266,0.004375107120722532
10,model.layers.0.linear_attn.in_proj_b.output,0.029537390917539597,0.03969723731279373,0.999944269657135,0.007256057113409042
10,model.layers.0.linear_attn.in_proj_qkv.input,0.011839502491056919,0.018347512930631638,0.9998987317085266,0.004375107120722532
10,model.layers.0.linear_attn.in_proj_qkv.output,0.022532248869538307,0.03343584015965462,0.9999399185180664,0.009467235766351223
10,model.layers.0.linear_attn.in_proj_z.input,0.011839502491056919,0.018347512930631638,0.9998987317085266,0.004375107120722532
10,model.layers.0.linear_attn.in_proj_z.output,0.018810931593179703,0.025634517893195152,0.9998742341995239,0.004164369311183691
10,model.layers.0.linear_attn.norm.input,2.637318721099291e-05,0.00011809245188487694,0.9988697171211243,-3.778876767057682e-09
10,model.layers.0.linear_attn.norm.output,0.0018724054098129272,0.004811569582670927,0.9995064735412598,3.236900738556869e-05
10,model.layers.0.linear_attn.out_proj.input,0.0018724054098129272,0.004811569582670927,0.9995064735412598,0.00035492645110934973
10,model.layers.0.linear_attn.out_proj.output,0.001883269869722426,0.002714966656640172,0.9995096325874329,3.574356742319651e-05
10,model.layers.0.linear_attn.output,0.001883269869722426,0.002714966656640172,0.9995096325874329,3.574356742319651e-05
10,model.layers.0.mlp.act_fn.input,0.014318947680294514,0.018676402047276497,0.9991938471794128,0.0017761896597221494
10,model.layers.0.mlp.act_fn.output,0.00550418347120285,0.007981576956808567,0.9988842606544495,0.0004547143180388957
10,model.layers.0.mlp.down_proj.input,0.0018490422517061234,0.003057286608964205,0.9979443550109863,4.7120614908635616e-05
10,model.layers.0.mlp.down_proj.output,0.0014181789010763168,0.0018591798143461347,0.9980598092079163,1.6579931980231777e-05
10,model.layers.0.mlp.gate_proj.input,0.030984103679656982,0.0398097038269043,0.999114990234375,0.005948000121861696
10,model.layers.0.mlp.gate_proj.output,0.014318947680294514,0.018676402047276497,0.9991938471794128,0.0017761896597221494
10,model.layers.0.mlp.input,0.030984103679656982,0.0398097038269043,0.999114990234375,0.005948000121861696
10,model.layers.0.mlp.output,0.0014181789010763168,0.0018591798143461347,0.9980598092079163,1.6579931980231777e-05
10,model.layers.0.mlp.up_proj.input,0.030984103679656982,0.0398097038269043,0.999114990234375,0.005948000121861696
10,model.layers.0.mlp.up_proj.output,0.00954324658960104,0.01210572849959135,0.9987357258796692,0.0007352805696427822
10,model.layers.0.output,0.0022227116860449314,0.0030631194822490215,0.9991945624351501,4.5379125367617235e-05
10,model.layers.0.post_attention_layernorm.input,0.0018420340493321419,0.0026741959154605865,0.9993594288825989,3.25841065205168e-05
10,model.layers.0.post_attention_layernorm.output,0.030984103679656982,0.0398097038269043,0.999114990234375,0.005948000121861696
10,model.layers.1.input,0.0022227116860449314,0.0030631194822490215,0.9991945624351501,4.5379125367617235e-05
10,model.layers.1.input_layernorm.input,0.0022227116860449314,0.0030631194822490215,0.9991945624351501,4.5379125367617235e-05
10,model.layers.1.input_layernorm.output,0.04593554884195328,0.05850621312856674,0.9991111159324646,0.004198938142508268
10,model.layers.1.linear_attn.conv1d.input,0.031504712998867035,0.04466325044631958,0.9994009733200073,3.4208428859710693
10,model.layers.1.linear_attn.conv1d.output,0.004885437898337841,0.017709773033857346,0.9996357560157776,0.2969135046005249
10,model.layers.1.linear_attn.in_proj_a.input,0.04593554884195328,0.05850621312856674,0.9991111159324646,0.004198938142508268
10,model.layers.1.linear_attn.in_proj_a.output,0.09273739159107208,0.1156846210360527,0.999265193939209,0.020915769040584564
10,model.layers.1.linear_attn.in_proj_b.input,0.04593554884195328,0.05850621312856674,0.9991111159324646,0.004198938142508268
10,model.layers.1.linear_attn.in_proj_b.output,0.06371021270751953,0.0820796936750412,0.9994994401931763,0.010476751253008842
10,model.layers.1.linear_attn.in_proj_qkv.input,0.04593554884195328,0.05850621312856674,0.9991111159324646,0.004198938142508268
10,model.layers.1.linear_attn.in_proj_qkv.output,0.031504712998867035,0.04466325044631958,0.9994011521339417,0.08046296238899231
10,model.layers.1.linear_attn.in_proj_z.input,0.04593554884195328,0.05850621312856674,0.9991111159324646,0.004198938142508268
10,model.layers.1.linear_attn.in_proj_z.output,0.037668127566576004,0.05025900527834892,0.9995756149291992,0.011818977072834969
10,model.layers.1.linear_attn.norm.input,4.933387572236825e-06,3.6029879993293434e-05,0.9990248680114746,1.0943040251731873e-08
10,model.layers.1.linear_attn.norm.output,0.0010047567775472999,0.004058323334902525,0.9975175261497498,6.92169396643294e-06
10,model.layers.1.linear_attn.out_proj.input,0.0010047567775472999,0.004058323334902525,0.9975175261497498,6.991493864916265e-05
10,model.layers.1.linear_attn.out_proj.output,0.0012433974770829082,0.0023682296741753817,0.9984550476074219,2.0464332919800654e-05
10,model.layers.1.linear_attn.output,0.0012433974770829082,0.0023682296741753817,0.9984550476074219,2.0464332919800654e-05
10,model.layers.1.mlp.act_fn.input,0.017559662461280823,0.022776193916797638,0.999062180519104,0.0023955663200467825
10,model.layers.1.mlp.act_fn.output,0.006410539150238037,0.009191283024847507,0.9987770915031433,0.0005419909721240401
10,model.layers.1.mlp.down_proj.input,0.002261488465592265,0.003839222714304924,0.9973914623260498,9.783967107068747e-05
10,model.layers.1.mlp.down_proj.output,0.0016077260952442884,0.002387634478509426,0.9977457523345947,3.2023894164012745e-05
10,model.layers.1.mlp.gate_proj.input,0.035752467811107635,0.04622175544500351,0.9989259839057922,0.01281542144715786
10,model.layers.1.mlp.gate_proj.output,0.017559662461280823,0.022776193916797638,0.999062180519104,0.0023955663200467825
10,model.layers.1.mlp.input,0.035752467811107635,0.04622175544500351,0.9989259839057922,0.01281542144715786
10,model.layers.1.mlp.output,0.0016077260952442884,0.002387634478509426,0.9977457523345947,3.2023894164012745e-05
10,model.layers.1.mlp.up_proj.input,0.035752467811107635,0.04622175544500351,0.9989259839057922,0.01281542144715786
10,model.layers.1.mlp.up_proj.output,0.010690405033528805,0.013846821151673794,0.9983533024787903,0.0009658661438152194
10,model.layers.1.output,0.0026985746808350086,0.0037990545388311148,0.9988722205162048,6.695893534924835e-05
10,model.layers.1.post_attention_layernorm.input,0.0025791306979954243,0.00417010672390461,0.9991663098335266,6.621882494073361e-05
10,model.layers.1.post_attention_layernorm.output,0.035752467811107635,0.04622175544500351,0.9989259839057922,0.01281542144715786
10,model.layers.10.input,0.003907475620508194,0.005530634429305792,0.9987261891365051,0.00014708937669638544
10,model.layers.10.input_layernorm.input,0.003907475620508194,0.005530634429305792,0.9987261891365051,0.00014708937669638544
10,model.layers.10.input_layernorm.output,0.053969621658325195,0.07309078425168991,0.9982832670211792,0.05859891325235367
10,model.layers.10.linear_attn.conv1d.input,0.03182263672351837,0.04405209422111511,0.9990116953849792,4.028535842895508
10,model.layers.10.linear_attn.conv1d.output,0.004215524531900883,0.013443024829030037,0.9995920658111572,0.18509945273399353
10,model.layers.10.linear_attn.in_proj_a.input,0.053969621658325195,0.07309078425168991,0.9982832670211792,0.05859891325235367
10,model.layers.10.linear_attn.in_proj_a.output,0.06070728227496147,0.07915414124727249,0.9997009634971619,0.010137316770851612
10,model.layers.10.linear_attn.in_proj_b.input,0.053969621658325195,0.07309078425168991,0.9982832670211792,0.05859891325235367
10,model.layers.10.linear_attn.in_proj_b.output,0.05378236621618271,0.08817969262599945,0.9998416900634766,0.009817492216825485
10,model.layers.10.linear_attn.in_proj_qkv.input,0.053969621658325195,0.07309078425168991,0.9982832670211792,0.05859891325235367
10,model.layers.10.linear_attn.in_proj_qkv.output,0.03182263672351837,0.04405209422111511,0.9990111589431763,0.030064325779676437
10,model.layers.10.linear_attn.in_proj_z.input,0.053969621658325195,0.07309078425168991,0.9982832670211792,0.05859891325235367
10,model.layers.10.linear_attn.in_proj_z.output,0.028363142162561417,0.03764796629548073,0.9997451305389404,0.005771741271018982
10,model.layers.10.linear_attn.norm.input,4.862359674007166e-06,1.9243381757405587e-05,0.9988071322441101,-9.631892616823734e-09
10,model.layers.10.linear_attn.norm.output,0.0021892692893743515,0.00487118074670434,0.9970669746398926,1.064288335328456e-05
10,model.layers.10.linear_attn.out_proj.input,0.0021892692893743515,0.00487118074670434,0.9970669746398926,0.00010975007899105549
10,model.layers.10.linear_attn.out_proj.output,0.001611013663932681,0.0023640694562345743,0.9962044358253479,2.6926147256745026e-05
10,model.layers.10.linear_attn.output,0.001611013663932681,0.0023640694562345743,0.9962044358253479,2.6926147256745026e-05
10,model.layers.10.mlp.act_fn.input,0.016673216596245766,0.022469984367489815,0.9991553425788879,0.002989883068948984
10,model.layers.10.mlp.act_fn.output,0.006218648049980402,0.00940704345703125,0.9988664984703064,0.0012243080418556929
10,model.layers.10.mlp.down_proj.input,0.0024509697686880827,0.003804606618359685,0.996667206287384,7.285585888894275e-05
10,model.layers.10.mlp.down_proj.output,0.0014950089389458299,0.002001325599849224,0.9964616298675537,2.0562474674079567e-05
10,model.layers.10.mlp.gate_proj.input,0.04365360736846924,0.0583176352083683,0.9983164072036743,0.02384268492460251
10,model.layers.10.mlp.gate_proj.output,0.016673216596245766,0.022469984367489815,0.9991553425788879,0.002989883068948984
10,model.layers.10.mlp.input,0.04365360736846924,0.0583176352083683,0.9983164072036743,0.02384268492460251
10,model.layers.10.mlp.output,0.0014950089389458299,0.002001325599849224,0.9964616298675537,2.0562474674079567e-05
10,model.layers.10.mlp.up_proj.input,0.04365360736846924,0.0583176352083683,0.9983164072036743,0.02384268492460251
10,model.layers.10.mlp.up_proj.output,0.012465156614780426,0.016218163073062897,0.9980394244194031,0.0013503250665962696
10,model.layers.10.output,0.004060843959450722,0.005998315289616585,0.9989206790924072,0.00016784116451162845
10,model.layers.10.post_attention_layernorm.input,0.004130799788981676,0.0059943851083517075,0.9987838268280029,0.0001691914803814143
10,model.layers.10.post_attention_layernorm.output,0.04365360736846924,0.0583176352083683,0.9983164072036743,0.02384268492460251
10,model.layers.11.input,0.004060843959450722,0.005998315289616585,0.9989206790924072,0.00016784116451162845
10,model.layers.11.input_layernorm.input,0.004060843959450722,0.005998315289616585,0.9989206790924072,0.00016784116451162845
10,model.layers.11.input_layernorm.output,0.04397406801581383,0.05907751992344856,0.998692512512207,0.02217734605073929
10,model.layers.11.mlp.act_fn.input,0.01700557954609394,0.02304733917117119,0.9993406534194946,0.0025482894852757454
10,model.layers.11.mlp.act_fn.output,0.005943808704614639,0.009106304496526718,0.9989306926727295,0.000709856569301337
10,model.layers.11.mlp.down_proj.input,0.0025429418310523033,0.004149950575083494,0.9967535138130188,0.00010445932275615633
10,model.layers.11.mlp.down_proj.output,0.0016518037300556898,0.002274710452184081,0.99717116355896,2.684057835722342e-05
10,model.layers.11.mlp.gate_proj.input,0.04587043821811676,0.06077491492033005,0.9982627630233765,0.02477017045021057
10,model.layers.11.mlp.gate_proj.output,0.01700557954609394,0.02304733917117119,0.9993406534194946,0.0025482894852757454
10,model.layers.11.mlp.input,0.04587043821811676,0.06077491492033005,0.9982627630233765,0.02477017045021057
10,model.layers.11.mlp.output,0.0016518037300556898,0.002274710452184081,0.99717116355896,2.684057835722342e-05
10,model.layers.11.mlp.up_proj.input,0.04587043821811676,0.06077491492033005,0.9982627630233765,0.02477017045021057
10,model.layers.11.mlp.up_proj.output,0.012833409011363983,0.01664089970290661,0.9978711009025574,0.00139008485712111
10,model.layers.11.output,0.003961939364671707,0.005655877757817507,0.9980728626251221,0.00015476852422580123
10,model.layers.11.post_attention_layernorm.input,0.004108346067368984,0.005913525354117155,0.998295783996582,0.00016467513341922313
10,model.layers.11.post_attention_layernorm.output,0.04587043821811676,0.06077491492033005,0.9982627630233765,0.02477017045021057
10,model.layers.11.self_attn.k_norm.input,0.017490465193986893,0.02431492879986763,0.9992846846580505,0.0064291455782949924
10,model.layers.11.self_attn.k_norm.output,0.05345684289932251,0.07422385364770889,0.998924732208252,0.05817034840583801
10,model.layers.11.self_attn.k_proj.input,0.04397406801581383,0.05907751992344856,0.998692512512207,0.02217734605073929
10,model.layers.11.self_attn.k_proj.output,0.017490465193986893,0.02431492879986763,0.9992846846580505,0.0030223634093999863
10,model.layers.11.self_attn.o_proj.input,0.0023881166707724333,0.004095869138836861,0.9987677335739136,9.564001811668277e-05
10,model.layers.11.self_attn.o_proj.output,0.001158383907750249,0.001979225315153599,0.9993047118186951,2.1177023882046342e-05
10,model.layers.11.self_attn.output,0.001158383907750249,0.001979225315153599,0.9993047118186951,2.1177023882046342e-05
10,model.layers.11.self_attn.q_norm.input,0.01831779256463051,0.025056350976228714,0.9994597434997559,0.0723365843296051
10,model.layers.11.self_attn.q_norm.output,0.040654029697179794,0.05435529723763466,0.9991398453712463,0.10569456964731216
10,model.layers.11.self_attn.q_proj.input,0.04397406801581383,0.05907751992344856,0.998692512512207,0.02217734605073929
10,model.layers.11.self_attn.q_proj.output,0.029552791267633438,0.041022926568984985,0.9998088479042053,0.01855948194861412
10,model.layers.11.self_attn.v_proj.input,0.04397406801581383,0.05907751992344856,0.998692512512207,0.02217734605073929
10,model.layers.11.self_attn.v_proj.output,0.023814236745238304,0.03273170068860054,0.9987229704856873,0.00530247762799263
10,model.layers.12.input,0.003961939364671707,0.005655877757817507,0.9980728626251221,0.00015476852422580123
10,model.layers.12.input_layernorm.input,0.003961939364671707,0.005655877757817507,0.9980728626251221,0.00015476852422580123
10,model.layers.12.input_layernorm.output,0.062491483986377716,0.08382470905780792,0.9982762336730957,0.046498946845531464
10,model.layers.12.linear_attn.conv1d.input,0.04123428091406822,0.058990079909563065,0.999431848526001,5.888883590698242
10,model.layers.12.linear_attn.conv1d.output,0.00920774694532156,0.027057187631726265,0.9996415376663208,0.585569441318512
10,model.layers.12.linear_attn.in_proj_a.input,0.062491483986377716,0.08382470905780792,0.9982762336730957,0.046498946845531464
10,model.layers.12.linear_attn.in_proj_a.output,0.0636013001203537,0.0811506137251854,0.9994988441467285,0.012665695510804653
10,model.layers.12.linear_attn.in_proj_b.input,0.062491483986377716,0.08382470905780792,0.9982762336730957,0.046498946845531464
10,model.layers.12.linear_attn.in_proj_b.output,0.03570103645324707,0.04811595752835274,0.9995157718658447,0.00607867119833827
10,model.layers.12.linear_attn.in_proj_qkv.input,0.062491483986377716,0.08382470905780792,0.9982762336730957,0.046498946845531464
10,model.layers.12.linear_attn.in_proj_qkv.output,0.04123428091406822,0.058990079909563065,0.9994311928749084,0.036662016063928604
10,model.layers.12.linear_attn.in_proj_z.input,0.062491483986377716,0.08382470905780792,0.9982762336730957,0.046498946845531464
10,model.layers.12.linear_attn.in_proj_z.output,0.035096459090709686,0.04992334917187691,0.9996770620346069,0.0075115785002708435
10,model.layers.12.linear_attn.norm.input,2.4766535716480576e-05,0.00024261638463940471,0.9997974038124084,2.7136730196275494e-08
10,model.layers.12.linear_attn.norm.output,0.0015707757556810975,0.004289361648261547,0.9971044063568115,9.936191418091767e-06
10,model.layers.12.linear_attn.out_proj.input,0.0015707757556810975,0.004289361648261547,0.9971044063568115,0.00010062134242616594
10,model.layers.12.linear_attn.out_proj.output,0.0010457815369591117,0.0014756263699382544,0.9970454573631287,1.0282850780640729e-05
10,model.layers.12.linear_attn.output,0.0010457815369591117,0.0014756263699382544,0.9970454573631287,1.0282850780640729e-05
10,model.layers.12.mlp.act_fn.input,0.018985623493790627,0.02668355591595173,0.9993485808372498,0.0035276522394269705
10,model.layers.12.mlp.act_fn.output,0.006317637860774994,0.01074759941548109,0.9988753199577332,0.0011810276191681623
10,model.layers.12.mlp.down_proj.input,0.0028293796349316835,0.004621907602995634,0.9963003993034363,0.0001093095779651776
10,model.layers.12.mlp.down_proj.output,0.0017139747506007552,0.0022777558770030737,0.996114194393158,2.669352397788316e-05
10,model.layers.12.mlp.gate_proj.input,0.04699854552745819,0.06281778961420059,0.9982624053955078,0.041553206741809845
10,model.layers.12.mlp.gate_proj.output,0.018985623493790627,0.02668355591595173,0.9993485808372498,0.0035276522394269705
10,model.layers.12.mlp.input,0.04699854552745819,0.06281778961420059,0.9982624053955078,0.041553206741809845
10,model.layers.12.mlp.output,0.0017139747506007552,0.0022777558770030737,0.996114194393158,2.669352397788316e-05
10,model.layers.12.mlp.up_proj.input,0.04699854552745819,0.06281778961420059,0.9982624053955078,0.041553206741809845
10,model.layers.12.mlp.up_proj.output,0.0128699392080307,0.016682442277669907,0.9980348348617554,0.0013950113207101822
10,model.layers.12.output,0.004079791251569986,0.005905063357204199,0.9980770349502563,0.00016688593314029276
10,model.layers.12.post_attention_layernorm.input,0.004115993157029152,0.006006607320159674,0.9980713129043579,0.00017084517457988113
10,model.layers.12.post_attention_layernorm.output,0.04699854552745819,0.06281778961420059,0.9982624053955078,0.041553206741809845
10,model.layers.13.input,0.004079791251569986,0.005905063357204199,0.9980770349502563,0.00016688593314029276
10,model.layers.13.input_layernorm.input,0.004079791251569986,0.005905063357204199,0.9980770349502563,0.00016688593314029276
10,model.layers.13.input_layernorm.output,0.059289008378982544,0.08074113726615906,0.9982481002807617,0.03907135874032974
10,model.layers.13.linear_attn.conv1d.input,0.03646326810121536,0.05131170153617859,0.9993005394935608,4.846137523651123
10,model.layers.13.linear_attn.conv1d.output,0.0061722383834421635,0.01780637353658676,0.9996513724327087,0.32810235023498535
10,model.layers.13.linear_attn.in_proj_a.input,0.059289008378982544,0.08074113726615906,0.9982481002807617,0.03907135874032974
10,model.layers.13.linear_attn.in_proj_a.output,0.061798952519893646,0.08144602924585342,0.9994519352912903,0.010137282311916351
10,model.layers.13.linear_attn.in_proj_b.input,0.059289008378982544,0.08074113726615906,0.9982481002807617,0.03907135874032974
10,model.layers.13.linear_attn.in_proj_b.output,0.0397123321890831,0.0551677905023098,0.9995347857475281,0.008232497610151768
10,model.layers.13.linear_attn.in_proj_qkv.input,0.059289008378982544,0.08074113726615906,0.9982481002807617,0.03907135874032974
10,model.layers.13.linear_attn.in_proj_qkv.output,0.03646326810121536,0.05131170153617859,0.9993007779121399,0.025376146659255028
10,model.layers.13.linear_attn.in_proj_z.input,0.059289008378982544,0.08074113726615906,0.9982481002807617,0.03907135874032974
10,model.layers.13.linear_attn.in_proj_z.output,0.03299815207719803,0.04606252536177635,0.9996057748794556,0.007493684068322182
10,model.layers.13.linear_attn.norm.input,4.640710358216893e-06,1.971336496353615e-05,0.9987581372261047,1.4368419343213645e-08
10,model.layers.13.linear_attn.norm.output,0.0018230552086606622,0.004102985840290785,0.9966051578521729,8.250352038885467e-06
10,model.layers.13.linear_attn.out_proj.input,0.0018230552086606622,0.004102985840290785,0.9966051578521729,8.383426757063717e-05
10,model.layers.13.linear_attn.out_proj.output,0.0014395450707525015,0.0019540730863809586,0.9961953163146973,1.8597547750687227e-05
10,model.layers.13.linear_attn.output,0.0014395450707525015,0.0019540730863809586,0.9961953163146973,1.8597547750687227e-05
10,model.layers.13.mlp.act_fn.input,0.020202796906232834,0.029037155210971832,0.9993657469749451,0.004282762762159109
10,model.layers.13.mlp.act_fn.output,0.006607900373637676,0.011809373274445534,0.9988651871681213,0.0015817689709365368
10,model.layers.13.mlp.down_proj.input,0.0031697407830506563,0.005538982804864645,0.9963485598564148,0.00018251992878504097
10,model.layers.13.mlp.down_proj.output,0.002032381249591708,0.0027092345990240574,0.9961284399032593,3.604137964430265e-05
10,model.layers.13.mlp.gate_proj.input,0.048177193850278854,0.06491407006978989,0.9982596635818481,0.05109814926981926
10,model.layers.13.mlp.gate_proj.output,0.020202796906232834,0.029037155210971832,0.9993657469749451,0.004282762762159109
10,model.layers.13.mlp.input,0.048177193850278854,0.06491407006978989,0.9982596635818481,0.05109814926981926
10,model.layers.13.mlp.output,0.002032381249591708,0.0027092345990240574,0.9961284399032593,3.604137964430265e-05
10,model.layers.13.mlp.up_proj.input,0.048177193850278854,0.06491407006978989,0.9982596635818481,0.05109814926981926
10,model.layers.13.mlp.up_proj.output,0.013524976558983326,0.017682062461972237,0.9981421828269958,0.0016340069705620408
10,model.layers.13.output,0.004618538077920675,0.0065594385378062725,0.9981716871261597,0.00020567716273944825
10,model.layers.13.post_attention_layernorm.input,0.004444929771125317,0.006420689634978771,0.9981222152709961,0.00019318924751132727
10,model.layers.13.post_attention_layernorm.output,0.048177193850278854,0.06491407006978989,0.9982596635818481,0.05109814926981926
10,model.layers.14.input,0.004618538077920675,0.0065594385378062725,0.9981716871261597,0.00020567716273944825
10,model.layers.14.input_layernorm.input,0.004618538077920675,0.0065594385378062725,0.9981716871261597,0.00020567716273944825
10,model.layers.14.input_layernorm.output,0.057738494127988815,0.07860739529132843,0.9983065724372864,0.025085153058171272
10,model.layers.14.linear_attn.conv1d.input,0.03484123572707176,0.04951872304081917,0.9993260502815247,4.691582202911377
10,model.layers.14.linear_attn.conv1d.output,0.006156392395496368,0.01599709317088127,0.9995586276054382,0.34393832087516785
10,model.layers.14.linear_attn.in_proj_a.input,0.057738494127988815,0.07860739529132843,0.9983065724372864,0.025085153058171272
10,model.layers.14.linear_attn.in_proj_a.output,0.04911203309893608,0.061718691140413284,0.9995519518852234,0.009571581147611141
10,model.layers.14.linear_attn.in_proj_b.input,0.057738494127988815,0.07860739529132843,0.9983065724372864,0.025085153058171272
10,model.layers.14.linear_attn.in_proj_b.output,0.03317870944738388,0.045393913984298706,0.9996408820152283,0.008726261556148529
10,model.layers.14.linear_attn.in_proj_qkv.input,0.057738494127988815,0.07860739529132843,0.9983065724372864,0.025085153058171272
10,model.layers.14.linear_attn.in_proj_qkv.output,0.03484123572707176,0.04951872304081917,0.9993262887001038,0.043063413351774216
10,model.layers.14.linear_attn.in_proj_z.input,0.057738494127988815,0.07860739529132843,0.9983065724372864,0.025085153058171272
10,model.layers.14.linear_attn.in_proj_z.output,0.03209688141942024,0.04481879621744156,0.9997063875198364,0.007214749697595835
10,model.layers.14.linear_attn.norm.input,7.44769340599305e-06,2.800894799293019e-05,0.9992352724075317,3.815234705939474e-08
10,model.layers.14.linear_attn.norm.output,0.0029222220182418823,0.006638433318585157,0.9969848394393921,2.6397818146506324e-05
10,model.layers.14.linear_attn.out_proj.input,0.0029222220182418823,0.006638433318585157,0.9969848394393921,0.00026967644225806
10,model.layers.14.linear_attn.out_proj.output,0.002532706130295992,0.0034303481224924326,0.9965022802352905,5.964176671113819e-05
10,model.layers.14.linear_attn.output,0.002532706130295992,0.0034303481224924326,0.9965022802352905,5.964176671113819e-05
10,model.layers.14.mlp.act_fn.input,0.022432181984186172,0.03262631222605705,0.9994675517082214,0.004563062451779842
10,model.layers.14.mlp.act_fn.output,0.007495548110455275,0.013429458253085613,0.999209463596344,0.0021989941596984863
10,model.layers.14.mlp.down_proj.input,0.004259026143699884,0.008211860433220863,0.9997776746749878,0.0003825776220764965
10,model.layers.14.mlp.down_proj.output,0.0036117781419306993,0.006066636648029089,0.999625563621521,0.00026109482860192657
10,model.layers.14.mlp.gate_proj.input,0.05109398812055588,0.06882724165916443,0.9982737302780151,0.07304728031158447
10,model.layers.14.mlp.gate_proj.output,0.022432181984186172,0.03262631222605705,0.9994675517082214,0.004563062451779842
10,model.layers.14.mlp.input,0.05109398812055588,0.06882724165916443,0.9982737302780151,0.07304728031158447
10,model.layers.14.mlp.output,0.0036117781419306993,0.006066636648029089,0.999625563621521,0.00026109482860192657
10,model.layers.14.mlp.up_proj.input,0.05109398812055588,0.06882724165916443,0.9982737302780151,0.07304728031158447
10,model.layers.14.mlp.up_proj.output,0.014707918278872967,0.019558053463697433,0.9988410472869873,0.001957286847755313
10,model.layers.14.output,0.006600325461477041,0.009593595750629902,0.999312162399292,0.0005278157768771052
10,model.layers.14.post_attention_layernorm.input,0.005465520080178976,0.007584770675748587,0.9981156587600708,0.0002808239951264113
10,model.layers.14.post_attention_layernorm.output,0.05109398812055588,0.06882724165916443,0.9982737302780151,0.07304728031158447
10,model.layers.15.input,0.006600325461477041,0.009593595750629902,0.999312162399292,0.0005278157768771052
10,model.layers.15.input_layernorm.input,0.006600325461477041,0.009593595750629902,0.999312162399292,0.0005278157768771052
10,model.layers.15.input_layernorm.output,0.043853096663951874,0.059073273092508316,0.9988397359848022,0.012858323752880096
10,model.layers.15.mlp.act_fn.input,0.030334752053022385,0.045683469623327255,0.9993104934692383,0.010200665332376957
10,model.layers.15.mlp.act_fn.output,0.008199483156204224,0.017183898016810417,0.9989396333694458,0.004220850765705109
10,model.layers.15.mlp.down_proj.input,0.005518485326319933,0.011828074231743813,0.9952296614646912,0.0035374038852751255
10,model.layers.15.mlp.down_proj.output,0.0045509375631809235,0.0063881902024149895,0.9947637915611267,0.00020391750149428844
10,model.layers.15.mlp.gate_proj.input,0.05787988752126694,0.09308794140815735,0.9970335364341736,0.30391421914100647
10,model.layers.15.mlp.gate_proj.output,0.030334752053022385,0.045683469623327255,0.9993104934692383,0.010200665332376957
10,model.layers.15.mlp.input,0.05787988752126694,0.09308794140815735,0.9970335364341736,0.30391421914100647
10,model.layers.15.mlp.output,0.0045509375631809235,0.0063881902024149895,0.9947637915611267,0.00020391750149428844
10,model.layers.15.mlp.up_proj.input,0.05787988752126694,0.09308794140815735,0.9970335364341736,0.30391421914100647
10,model.layers.15.mlp.up_proj.output,0.018369704484939575,0.027143282815814018,0.9973249435424805,0.0037806599866598845
10,model.layers.15.output,0.007664727512747049,0.010755770839750767,0.997703492641449,0.0005824941908940673
10,model.layers.15.post_attention_layernorm.input,0.006822966039180756,0.010106440633535385,0.997332751750946,0.0005098659894429147
10,model.layers.15.post_attention_layernorm.output,0.05787988752126694,0.09308794140815735,0.9970335364341736,0.30391421914100647
10,model.layers.15.self_attn.k_norm.input,0.017912985756993294,0.025125086307525635,0.9992942810058594,0.00796795729547739
10,model.layers.15.self_attn.k_norm.output,0.04829617217183113,0.06774500012397766,0.9991806745529175,0.05452897027134895
10,model.layers.15.self_attn.k_proj.input,0.043853096663951874,0.059073273092508316,0.9988397359848022,0.012858323752880096
10,model.layers.15.self_attn.k_proj.output,0.017912985756993294,0.025125086307525635,0.9992942810058594,0.004144005477428436
10,model.layers.15.self_attn.o_proj.input,0.0022191726602613926,0.007354517932981253,0.9998641014099121,0.0001669373596087098
10,model.layers.15.self_attn.o_proj.output,0.002860857406631112,0.007866871543228626,0.9998486042022705,0.0012761331163346767
10,model.layers.15.self_attn.output,0.002860857406631112,0.007866871543228626,0.9998486042022705,0.0012761331163346767
10,model.layers.15.self_attn.q_norm.input,0.018164899200201035,0.024415791034698486,0.9995051622390747,0.06877779960632324
10,model.layers.15.self_attn.q_norm.output,0.040549084544181824,0.05450606718659401,0.999230146408081,0.11043829470872879
10,model.layers.15.self_attn.q_proj.input,0.043853096663951874,0.059073273092508316,0.9988397359848022,0.012858323752880096
10,model.layers.15.self_attn.q_proj.output,0.025958066806197166,0.035369873046875,0.9998555183410645,0.018613407388329506
10,model.layers.15.self_attn.v_proj.input,0.043853096663951874,0.059073273092508316,0.9988397359848022,0.012858323752880096
10,model.layers.15.self_attn.v_proj.output,0.027140149846673012,0.04007413983345032,0.9992731213569641,0.007913277484476566
10,model.layers.16.input,0.007664727512747049,0.010755770839750767,0.997703492641449,0.0005824941908940673
10,model.layers.16.input_layernorm.input,0.007664727512747049,0.010755770839750767,0.997703492641449,0.0005824941908940673
10,model.layers.16.input_layernorm.output,0.07280845195055008,0.10914327204227448,0.9974778294563293,0.11725497245788574
10,model.layers.16.linear_attn.conv1d.input,0.05514778569340706,0.08267510682344437,0.9993240237236023,12.918037414550781
10,model.layers.16.linear_attn.conv1d.output,0.0162565428763628,0.0388190932571888,0.9995884299278259,1.4857724905014038
10,model.layers.16.linear_attn.in_proj_a.input,0.07280845195055008,0.10914327204227448,0.9974778294563293,0.11725497245788574
10,model.layers.16.linear_attn.in_proj_a.output,0.06296853721141815,0.09039144963026047,0.9990476369857788,0.01610620692372322
10,model.layers.16.linear_attn.in_proj_b.input,0.07280845195055008,0.10914327204227448,0.9974778294563293,0.11725497245788574
10,model.layers.16.linear_attn.in_proj_b.output,0.049691010266542435,0.08527728915214539,0.9983339905738831,0.016273632645606995
10,model.layers.16.linear_attn.in_proj_qkv.input,0.07280845195055008,0.10914327204227448,0.9974778294563293,0.11725497245788574
10,model.layers.16.linear_attn.in_proj_qkv.output,0.05514778569340706,0.08267510682344437,0.9993241429328918,0.10664266347885132
10,model.layers.16.linear_attn.in_proj_z.input,0.07280845195055008,0.10914327204227448,0.9974778294563293,0.11725497245788574
10,model.layers.16.linear_attn.in_proj_z.output,0.042814332991838455,0.06446077674627304,0.9994956254959106,0.015727173537015915
10,model.layers.16.linear_attn.norm.input,3.453857061685994e-05,0.00011630132212303579,0.9994236826896667,-8.69531469049889e-09
10,model.layers.16.linear_attn.norm.output,0.0036744759418070316,0.007314512971788645,0.9974857568740845,2.5602723326301202e-05
10,model.layers.16.linear_attn.out_proj.input,0.0036744759418070316,0.007314512971788645,0.9974857568740845,0.00026654620887711644
10,model.layers.16.linear_attn.out_proj.output,0.002490538638085127,0.0033360032830387354,0.9970489740371704,5.4044990974944085e-05
10,model.layers.16.linear_attn.output,0.002490538638085127,0.0033360032830387354,0.9970489740371704,5.4044990974944085e-05
10,model.layers.16.mlp.act_fn.input,0.033877480775117874,0.05094652995467186,0.9992159605026245,0.015346020460128784
10,model.layers.16.mlp.act_fn.output,0.008072947151958942,0.016510069370269775,0.9984679818153381,0.0068369293585419655
10,model.layers.16.mlp.down_proj.input,0.005244394764304161,0.011043225415050983,0.9963650703430176,0.0015692539745941758
10,model.layers.16.mlp.down_proj.output,0.004271829500794411,0.005791833624243736,0.9963324069976807,0.00016776041593402624
10,model.layers.16.mlp.gate_proj.input,0.059810735285282135,0.08907166868448257,0.997409462928772,0.2623196244239807
10,model.layers.16.mlp.gate_proj.output,0.033877480775117874,0.05094652995467186,0.9992159605026245,0.015346020460128784
10,model.layers.16.mlp.input,0.059810735285282135,0.08907166868448257,0.997409462928772,0.2623196244239807
10,model.layers.16.mlp.output,0.004271829500794411,0.005791833624243736,0.9963324069976807,0.00016776041593402624
10,model.layers.16.mlp.up_proj.input,0.059810735285282135,0.08907166868448257,0.997409462928772,0.2623196244239807
10,model.layers.16.mlp.up_proj.output,0.01874857395887375,0.02626407891511917,0.9976558685302734,0.0034657218493521214
10,model.layers.16.output,0.009473908692598343,0.01287156529724598,0.9978967308998108,0.0008230361272580922
10,model.layers.16.post_attention_layernorm.input,0.008289946243166924,0.011559879407286644,0.9979106783866882,0.0006590592092834413
10,model.layers.16.post_attention_layernorm.output,0.059810735285282135,0.08907166868448257,0.997409462928772,0.2623196244239807
10,model.layers.17.input,0.009473908692598343,0.01287156529724598,0.9978967308998108,0.0008230361272580922
10,model.layers.17.input_layernorm.input,0.009473908692598343,0.01287156529724598,0.9978967308998108,0.0008230361272580922
10,model.layers.17.input_layernorm.output,0.07838742434978485,0.11512348055839539,0.9975554943084717,0.28833281993865967
10,model.layers.17.linear_attn.conv1d.input,0.06067070737481117,0.08825956284999847,0.9993670582771301,14.568380355834961
10,model.layers.17.linear_attn.conv1d.output,0.021770061925053596,0.046576231718063354,0.9995946884155273,1.9695641994476318
10,model.layers.17.linear_attn.in_proj_a.input,0.07838742434978485,0.11512348055839539,0.9975554943084717,0.28833281993865967
10,model.layers.17.linear_attn.in_proj_a.output,0.08540801703929901,0.12753333151340485,0.9984176754951477,0.020793765783309937
10,model.layers.17.linear_attn.in_proj_b.input,0.07838742434978485,0.11512348055839539,0.9975554943084717,0.28833281993865967
10,model.layers.17.linear_attn.in_proj_b.output,0.05162620544433594,0.079893559217453,0.9990007281303406,0.010656110942363739
10,model.layers.17.linear_attn.in_proj_qkv.input,0.07838742434978485,0.11512348055839539,0.9975554943084717,0.28833281993865967
10,model.layers.17.linear_attn.in_proj_qkv.output,0.06067070737481117,0.08825956284999847,0.9993670582771301,0.06563170254230499
10,model.layers.17.linear_attn.in_proj_z.input,0.07838742434978485,0.11512348055839539,0.9975554943084717,0.28833281993865967
10,model.layers.17.linear_attn.in_proj_z.output,0.044296037405729294,0.06494355201721191,0.9994144439697266,0.015209276229143143
10,model.layers.17.linear_attn.norm.input,4.365316272014752e-05,0.00015704646648373455,0.9992852807044983,2.889846584253064e-08
10,model.layers.17.linear_attn.norm.output,0.002803382696583867,0.006540933158248663,0.9976578950881958,2.8011601898469962e-05
10,model.layers.17.linear_attn.out_proj.input,0.002803382696583867,0.006540933158248663,0.9976578950881958,0.0002878285013139248
10,model.layers.17.linear_attn.out_proj.output,0.002183571457862854,0.002906398382037878,0.9973989725112915,4.025059752166271e-05
10,model.layers.17.linear_attn.output,0.002183571457862854,0.002906398382037878,0.9973989725112915,4.025059752166271e-05
10,model.layers.17.mlp.act_fn.input,0.03765363618731499,0.053033556789159775,0.9993367195129395,0.012730116955935955
10,model.layers.17.mlp.act_fn.output,0.007490391377359629,0.014808917418122292,0.9986642599105835,0.0033017704263329506
10,model.layers.17.mlp.down_proj.input,0.00531452801078558,0.009627706371247768,0.9969168305397034,0.0006655763136222959
10,model.layers.17.mlp.down_proj.output,0.003923694137483835,0.0051947482861578465,0.9965949058532715,0.00013479430344887078
10,model.layers.17.mlp.gate_proj.input,0.060915522277355194,0.08904941380023956,0.9975470900535583,0.2816358208656311
10,model.layers.17.mlp.gate_proj.output,0.03765363618731499,0.053033556789159775,0.9993367195129395,0.012730116955935955
10,model.layers.17.mlp.input,0.060915522277355194,0.08904941380023956,0.9975470900535583,0.2816358208656311
10,model.layers.17.mlp.output,0.003923694137483835,0.0051947482861578465,0.9965949058532715,0.00013479430344887078
10,model.layers.17.mlp.up_proj.input,0.060915522277355194,0.08904941380023956,0.9975470900535583,0.2816358208656311
10,model.layers.17.mlp.up_proj.output,0.01909812167286873,0.02640417031943798,0.9977314472198486,0.003492191666737199
10,model.layers.17.output,0.010487559251487255,0.014041533693671227,0.9981241822242737,0.0009681106312200427
10,model.layers.17.post_attention_layernorm.input,0.009773341938853264,0.01329804863780737,0.9980907440185547,0.0008645717753097415
10,model.layers.17.post_attention_layernorm.output,0.060915522277355194,0.08904941380023956,0.9975470900535583,0.2816358208656311
10,model.layers.18.input,0.010487559251487255,0.014041533693671227,0.9981241822242737,0.0009681106312200427
10,model.layers.18.input_layernorm.input,0.010487559251487255,0.014041533693671227,0.9981241822242737,0.0009681106312200427
10,model.layers.18.input_layernorm.output,0.07945714145898819,0.11427468061447144,0.9978207349777222,0.12650416791439056
10,model.layers.18.linear_attn.conv1d.input,0.0688813254237175,0.10268544405698776,0.9994690418243408,17.073104858398438
10,model.layers.18.linear_attn.conv1d.output,0.025130940601229668,0.04909069463610649,0.9995771050453186,2.478907346725464
10,model.layers.18.linear_attn.in_proj_a.input,0.07945714145898819,0.11427468061447144,0.9978207349777222,0.12650416791439056
10,model.layers.18.linear_attn.in_proj_a.output,0.07859306037425995,0.10184615850448608,0.9991278052330017,0.014107074588537216
10,model.layers.18.linear_attn.in_proj_b.input,0.07945714145898819,0.11427468061447144,0.9978207349777222,0.12650416791439056
10,model.layers.18.linear_attn.in_proj_b.output,0.04683341830968857,0.0692821815609932,0.9995737671852112,0.010259425267577171
10,model.layers.18.linear_attn.in_proj_qkv.input,0.07945714145898819,0.11427468061447144,0.9978207349777222,0.12650416791439056
10,model.layers.18.linear_attn.in_proj_qkv.output,0.0688813254237175,0.10268544405698776,0.999468982219696,0.09680849313735962
10,model.layers.18.linear_attn.in_proj_z.input,0.07945714145898819,0.11427468061447144,0.9978207349777222,0.12650416791439056
10,model.layers.18.linear_attn.in_proj_z.output,0.04982227087020874,0.07307445257902145,0.9995236396789551,0.012483245693147182
10,model.layers.18.linear_attn.norm.input,9.28775843931362e-05,0.000271637924015522,0.9992899298667908,3.7057795054806775e-08
10,model.layers.18.linear_attn.norm.output,0.00366213615052402,0.007912484928965569,0.9968801140785217,4.597687075147405e-05
10,model.layers.18.linear_attn.out_proj.input,0.00366213615052402,0.007912484928965569,0.9968801140785217,0.000495755288284272
10,model.layers.18.linear_attn.out_proj.output,0.0025712293572723866,0.003492792369797826,0.9976348280906677,5.789500937680714e-05
10,model.layers.18.linear_attn.output,0.0025712293572723866,0.003492792369797826,0.9976348280906677,5.789500937680714e-05
10,model.layers.18.mlp.act_fn.input,0.03958920016884804,0.05490424111485481,0.9993889331817627,0.015760337933897972
10,model.layers.18.mlp.act_fn.output,0.007030506618320942,0.01438851747661829,0.9988663792610168,0.004868028685450554
10,model.layers.18.mlp.down_proj.input,0.005464326590299606,0.009719934314489365,0.9975455403327942,0.011062056757509708
10,model.layers.18.mlp.down_proj.output,0.00385076436214149,0.005213254131376743,0.9977209568023682,0.00013208278687670827
10,model.layers.18.mlp.gate_proj.input,0.061742622405290604,0.0885254517197609,0.9977006912231445,0.2213168740272522
10,model.layers.18.mlp.gate_proj.output,0.03958920016884804,0.05490424111485481,0.9993889331817627,0.015760337933897972
10,model.layers.18.mlp.input,0.061742622405290604,0.0885254517197609,0.9977006912231445,0.2213168740272522
10,model.layers.18.mlp.output,0.00385076436214149,0.005213254131376743,0.9977209568023682,0.00013208278687670827
10,model.layers.18.mlp.up_proj.input,0.061742622405290604,0.0885254517197609,0.9977006912231445,0.2213168740272522
10,model.layers.18.mlp.up_proj.output,0.019472362473607063,0.026417089626193047,0.9979758262634277,0.00352481659501791
10,model.layers.18.output,0.011453695595264435,0.015525809489190578,0.9985237717628479,0.0011404684046283364
10,model.layers.18.post_attention_layernorm.input,0.010906265117228031,0.014703597873449326,0.9982907772064209,0.0010388540104031563
10,model.layers.18.post_attention_layernorm.output,0.061742622405290604,0.0885254517197609,0.9977006912231445,0.2213168740272522
10,model.layers.19.input,0.011453695595264435,0.015525809489190578,0.9985237717628479,0.0011404684046283364
10,model.layers.19.input_layernorm.input,0.011453695595264435,0.015525809489190578,0.9985237717628479,0.0011404684046283364
10,model.layers.19.input_layernorm.output,0.049875855445861816,0.07114513218402863,0.9983035922050476,0.04682117700576782
10,model.layers.19.mlp.act_fn.input,0.037399668246507645,0.051838815212249756,0.9993748664855957,0.015205476433038712
10,model.layers.19.mlp.act_fn.output,0.008276202715933323,0.017204593867063522,0.998568058013916,0.006085452623665333
10,model.layers.19.mlp.down_proj.input,0.005885244347155094,0.01176994014531374,0.9970653057098389,0.0027364480774849653
10,model.layers.19.mlp.down_proj.output,0.005019017495214939,0.006776526570320129,0.9970327615737915,0.0002396780182607472
10,model.layers.19.mlp.gate_proj.input,0.05962877348065376,0.08458834141492844,0.997787594795227,0.2190450131893158
10,model.layers.19.mlp.gate_proj.output,0.037399668246507645,0.051838815212249756,0.9993748664855957,0.015205476433038712
10,model.layers.19.mlp.input,0.05962877348065376,0.08458834141492844,0.997787594795227,0.2190450131893158
10,model.layers.19.mlp.output,0.005019017495214939,0.006776526570320129,0.9970327615737915,0.0002396780182607472
10,model.layers.19.mlp.up_proj.input,0.05962877348065376,0.08458834141492844,0.997787594795227,0.2190450131893158
10,model.layers.19.mlp.up_proj.output,0.01953321136534214,0.026450147852301598,0.9981403350830078,0.003529364475980401
10,model.layers.19.output,0.01254517026245594,0.01650090143084526,0.9983315467834473,0.0013462748611345887
10,model.layers.19.post_attention_layernorm.input,0.01198507659137249,0.016048967838287354,0.9983892440795898,0.001240548212081194
10,model.layers.19.post_attention_layernorm.output,0.05962877348065376,0.08458834141492844,0.997787594795227,0.2190450131893158
10,model.layers.19.self_attn.k_norm.input,0.021218398585915565,0.029842033982276917,0.9991917014122009,0.009935831651091576
10,model.layers.19.self_attn.k_norm.output,0.04374108090996742,0.06250634789466858,0.9991581439971924,0.04205658286809921
10,model.layers.19.self_attn.k_proj.input,0.049875855445861816,0.07114513218402863,0.9983035922050476,0.04682117700576782
10,model.layers.19.self_attn.k_proj.output,0.021218398585915565,0.029842033982276917,0.9991917014122009,0.005054193083196878
10,model.layers.19.self_attn.o_proj.input,0.0033952072262763977,0.00707994494587183,0.9991270303726196,0.0007933157030493021
10,model.layers.19.self_attn.o_proj.output,0.0030527054332196712,0.004314002115279436,0.9973212480545044,0.00010128904978046194
10,model.layers.19.self_attn.output,0.0030527054332196712,0.004314002115279436,0.9973212480545044,0.00010128904978046194
10,model.layers.19.self_attn.q_norm.input,0.023279186338186264,0.03384174779057503,0.9990034103393555,0.06867127120494843
10,model.layers.19.self_attn.q_norm.output,0.042388323694467545,0.05777795612812042,0.9989194869995117,0.19300734996795654
10,model.layers.19.self_attn.q_proj.input,0.049875855445861816,0.07114513218402863,0.9983035922050476,0.04682117700576782
10,model.layers.19.self_attn.q_proj.output,0.030944520607590675,0.04539743810892105,0.99978107213974,0.00989986676722765
10,model.layers.19.self_attn.v_proj.input,0.049875855445861816,0.07114513218402863,0.9983035922050476,0.04682117700576782
10,model.layers.19.self_attn.v_proj.output,0.03794216737151146,0.056252602487802505,0.998833417892456,0.11730846762657166
10,model.layers.2.input,0.0026985746808350086,0.0037990545388311148,0.9988722205162048,6.695893534924835e-05
10,model.layers.2.input_layernorm.input,0.0026985746808350086,0.0037990545388311148,0.9988722205162048,6.695893534924835e-05
10,model.layers.2.input_layernorm.output,0.051180917769670486,0.06870414316654205,0.9988433718681335,0.01775186136364937
10,model.layers.2.linear_attn.conv1d.input,0.034541741013526917,0.04852362349629402,0.9994012117385864,4.253211975097656
10,model.layers.2.linear_attn.conv1d.output,0.005911767482757568,0.01926708035171032,0.9996321201324463,0.40775802731513977
10,model.layers.2.linear_attn.in_proj_a.input,0.051180917769670486,0.06870414316654205,0.9988433718681335,0.01775186136364937
10,model.layers.2.linear_attn.in_proj_a.output,0.06926669925451279,0.08966239541769028,0.9994484186172485,0.01608215644955635
10,model.layers.2.linear_attn.in_proj_b.input,0.051180917769670486,0.06870414316654205,0.9988433718681335,0.01775186136364937
10,model.layers.2.linear_attn.in_proj_b.output,0.04741225391626358,0.06775315850973129,0.9993143677711487,0.015242714434862137
10,model.layers.2.linear_attn.in_proj_qkv.input,0.051180917769670486,0.06870414316654205,0.9988433718681335,0.01775186136364937
10,model.layers.2.linear_attn.in_proj_qkv.output,0.034541741013526917,0.04852362349629402,0.9994006752967834,0.04882366955280304
10,model.layers.2.linear_attn.in_proj_z.input,0.051180917769670486,0.06870414316654205,0.9988433718681335,0.01775186136364937
10,model.layers.2.linear_attn.in_proj_z.output,0.042588409036397934,0.056847911328077316,0.999646782875061,0.010915158316493034
10,model.layers.2.linear_attn.norm.input,9.046236300491728e-06,5.438484367914498e-05,0.9997609853744507,2.857441394610305e-08
10,model.layers.2.linear_attn.norm.output,0.0014485997380688787,0.0039014453068375587,0.999043345451355,7.288950200745603e-06
10,model.layers.2.linear_attn.out_proj.input,0.0014485997380688787,0.0039014453068375587,0.999043345451355,7.425584772136062e-05
10,model.layers.2.linear_attn.out_proj.output,0.001437492435798049,0.002004434820264578,0.9984596967697144,1.9267557945568115e-05
10,model.layers.2.linear_attn.output,0.001437492435798049,0.002004434820264578,0.9984596967697144,1.9267557945568115e-05
10,model.layers.2.mlp.act_fn.input,0.024943040683865547,0.03276437148451805,0.9993247389793396,0.005086373072117567
10,model.layers.2.mlp.act_fn.output,0.006267969496548176,0.011000133119523525,0.9989124536514282,0.0010085314279422164
10,model.layers.2.mlp.down_proj.input,0.003113383427262306,0.0052024926990270615,0.9974000453948975,0.00017594121163710952
10,model.layers.2.mlp.down_proj.output,0.0022305864840745926,0.0029919433873146772,0.9974880814552307,4.690934292739257e-05
10,model.layers.2.mlp.gate_proj.input,0.041008029133081436,0.05407143756747246,0.9987776279449463,0.015515731647610664
10,model.layers.2.mlp.gate_proj.output,0.024943040683865547,0.03276437148451805,0.9993247389793396,0.005086373072117567
10,model.layers.2.mlp.input,0.041008029133081436,0.05407143756747246,0.9987776279449463,0.015515731647610664
10,model.layers.2.mlp.output,0.0022305864840745926,0.0029919433873146772,0.9974880814552307,4.690934292739257e-05
10,model.layers.2.mlp.up_proj.input,0.041008029133081436,0.05407143756747246,0.9987776279449463,0.015515731647610664
10,model.layers.2.mlp.up_proj.output,0.012091495096683502,0.01573811285197735,0.9983837008476257,0.0012477157870307565
10,model.layers.2.output,0.0033409595489501953,0.004608986433595419,0.9988674521446228,9.902095189318061e-05
10,model.layers.2.post_attention_layernorm.input,0.003046903759241104,0.004365758504718542,0.9990954399108887,8.31917641335167e-05
10,model.layers.2.post_attention_layernorm.output,0.041008029133081436,0.05407143756747246,0.9987776279449463,0.015515731647610664
10,model.layers.20.input,0.01254517026245594,0.01650090143084526,0.9983315467834473,0.0013462748611345887
10,model.layers.20.input_layernorm.input,0.01254517026245594,0.01650090143084526,0.9983315467834473,0.0013462748611345887
10,model.layers.20.input_layernorm.output,0.07488733530044556,0.1048128679394722,0.997935950756073,0.15272869169712067
10,model.layers.20.linear_attn.conv1d.input,0.0662025585770607,0.09812973439693451,0.9995233416557312,15.003724098205566
10,model.layers.20.linear_attn.conv1d.output,0.02796849235892296,0.05614374577999115,0.9996240139007568,2.431800365447998
10,model.layers.20.linear_attn.in_proj_a.input,0.07488733530044556,0.1048128679394722,0.997935950756073,0.15272869169712067
10,model.layers.20.linear_attn.in_proj_a.output,0.07873554527759552,0.10220272094011307,0.9991127252578735,0.017052676528692245
10,model.layers.20.linear_attn.in_proj_b.input,0.07488733530044556,0.1048128679394722,0.997935950756073,0.15272869169712067
10,model.layers.20.linear_attn.in_proj_b.output,0.04727745056152344,0.07724576443433762,0.9996564388275146,0.01677461341023445
10,model.layers.20.linear_attn.in_proj_qkv.input,0.07488733530044556,0.1048128679394722,0.997935950756073,0.15272869169712067
10,model.layers.20.linear_attn.in_proj_qkv.output,0.0662025585770607,0.09812973439693451,0.9995234608650208,0.020586401224136353
10,model.layers.20.linear_attn.in_proj_z.input,0.07488733530044556,0.1048128679394722,0.997935950756073,0.15272869169712067
10,model.layers.20.linear_attn.in_proj_z.output,0.04839202016592026,0.07046766579151154,0.9995818138122559,0.018674682825803757
10,model.layers.20.linear_attn.norm.input,0.00010084277164423838,0.0003886380873154849,0.9993909001350403,1.1870896798882313e-07
10,model.layers.20.linear_attn.norm.output,0.00452866917476058,0.009424380026757717,0.9978387355804443,6.825244781794026e-05
10,model.layers.20.linear_attn.out_proj.input,0.00452866917476058,0.009424380026757717,0.9978387355804443,0.0007607206935063004
10,model.layers.20.linear_attn.out_proj.output,0.0032957482617348433,0.005054555367678404,0.9988526701927185,9.954939741874114e-05
10,model.layers.20.linear_attn.output,0.0032957482617348433,0.005054555367678404,0.9988526701927185,9.954939741874114e-05
10,model.layers.20.mlp.act_fn.input,0.0357283316552639,0.04792626574635506,0.9994121789932251,0.009658046998083591
10,model.layers.20.mlp.act_fn.output,0.007994590327143669,0.015360543504357338,0.9986199736595154,0.002173095475882292
10,model.layers.20.mlp.down_proj.input,0.005402273032814264,0.00921002496033907,0.9968855381011963,0.0004915709141641855
10,model.layers.20.mlp.down_proj.output,0.004173505585640669,0.005483640357851982,0.9967774152755737,0.000153218861669302
10,model.layers.20.mlp.gate_proj.input,0.05584871768951416,0.07717959582805634,0.9981109499931335,0.13998934626579285
10,model.layers.20.mlp.gate_proj.output,0.0357283316552639,0.04792626574635506,0.9994121789932251,0.009658046998083591
10,model.layers.20.mlp.input,0.05584871768951416,0.07717959582805634,0.9981109499931335,0.13998934626579285
10,model.layers.20.mlp.output,0.004173505585640669,0.005483640357851982,0.9967774152755737,0.000153218861669302
10,model.layers.20.mlp.up_proj.input,0.05584871768951416,0.07717959582805634,0.9981109499931335,0.13998934626579285
10,model.layers.20.mlp.up_proj.output,0.01893758773803711,0.02512725628912449,0.9981955885887146,0.0031239655800163746
10,model.layers.20.output,0.013767680153250694,0.01834692992269993,0.9985575675964355,0.001639822032302618
10,model.layers.20.post_attention_layernorm.input,0.013029364868998528,0.017643697559833527,0.9986787438392639,0.0014864848926663399
10,model.layers.20.post_attention_layernorm.output,0.05584871768951416,0.07717959582805634,0.9981109499931335,0.13998934626579285
10,model.layers.21.input,0.013767680153250694,0.01834692992269993,0.9985575675964355,0.001639822032302618
10,model.layers.21.input_layernorm.input,0.013767680153250694,0.01834692992269993,0.9985575675964355,0.001639822032302618
10,model.layers.21.input_layernorm.output,0.07254791259765625,0.09912202507257462,0.9981949925422668,0.11926417052745819
10,model.layers.21.linear_attn.conv1d.input,0.06075243279337883,0.08559775352478027,0.9995973110198975,11.945853233337402
10,model.layers.21.linear_attn.conv1d.output,0.025795551016926765,0.052054114639759064,0.9997146725654602,2.1004528999328613
10,model.layers.21.linear_attn.in_proj_a.input,0.07254791259765625,0.09912202507257462,0.9981949925422668,0.11926417052745819
10,model.layers.21.linear_attn.in_proj_a.output,0.08955764770507812,0.11859426647424698,0.9986836910247803,0.019189659506082535
10,model.layers.21.linear_attn.in_proj_b.input,0.07254791259765625,0.09912202507257462,0.9981949925422668,0.11926417052745819
10,model.layers.21.linear_attn.in_proj_b.output,0.0401700958609581,0.054499316960573196,0.9996622204780579,0.010184409096837044
10,model.layers.21.linear_attn.in_proj_qkv.input,0.07254791259765625,0.09912202507257462,0.9981949925422668,0.11926417052745819
10,model.layers.21.linear_attn.in_proj_qkv.output,0.06075243279337883,0.08559775352478027,0.9995976090431213,0.08557260781526566
10,model.layers.21.linear_attn.in_proj_z.input,0.07254791259765625,0.09912202507257462,0.9981949925422668,0.11926417052745819
10,model.layers.21.linear_attn.in_proj_z.output,0.046644411981105804,0.0655592679977417,0.9995845556259155,0.010063407942652702
10,model.layers.21.linear_attn.norm.input,4.950470247422345e-05,0.00018173397984355688,0.9996324777603149,1.0058874622131952e-08
10,model.layers.21.linear_attn.norm.output,0.0035002888180315495,0.006875060498714447,0.99757319688797,4.2815801862161607e-05
10,model.layers.21.linear_attn.out_proj.input,0.0035002888180315495,0.006875060498714447,0.99757319688797,0.00047267123591154814
10,model.layers.21.linear_attn.out_proj.output,0.002437266055494547,0.003360903123393655,0.9976801872253418,5.135771061759442e-05
10,model.layers.21.linear_attn.output,0.002437266055494547,0.003360903123393655,0.9976801872253418,5.135771061759442e-05
10,model.layers.21.mlp.act_fn.input,0.03562904894351959,0.047915082424879074,0.9994857311248779,0.010980876162648201
10,model.layers.21.mlp.act_fn.output,0.007519043982028961,0.014691252261400223,0.9988070726394653,0.0031677999068051577
10,model.layers.21.mlp.down_proj.input,0.005469061899930239,0.009174400009214878,0.9973117709159851,0.0006257573259063065
10,model.layers.21.mlp.down_proj.output,0.004106341395527124,0.005337308626621962,0.9969909191131592,0.00014383450616151094
10,model.layers.21.mlp.gate_proj.input,0.05748612433671951,0.0785033255815506,0.9981144070625305,0.1692981868982315
10,model.layers.21.mlp.gate_proj.output,0.03562904894351959,0.047915082424879074,0.9994857311248779,0.010980876162648201
10,model.layers.21.mlp.input,0.05748612433671951,0.0785033255815506,0.9981144070625305,0.1692981868982315
10,model.layers.21.mlp.output,0.004106341395527124,0.005337308626621962,0.9969909191131592,0.00014383450616151094
10,model.layers.21.mlp.up_proj.input,0.05748612433671951,0.0785033255815506,0.9981144070625305,0.1692981868982315
10,model.layers.21.mlp.up_proj.output,0.019446244463324547,0.025828100740909576,0.9981616735458374,0.0033685953821986914
10,model.layers.21.output,0.014979695901274681,0.019908184185624123,0.9985389709472656,0.0019310072530061007
10,model.layers.21.post_attention_layernorm.input,0.014170920476317406,0.019058819860219955,0.9986742734909058,0.0017351899296045303
10,model.layers.21.post_attention_layernorm.output,0.05748612433671951,0.0785033255815506,0.9981144070625305,0.1692981868982315
10,model.layers.22.input,0.014979695901274681,0.019908184185624123,0.9985389709472656,0.0019310072530061007
10,model.layers.22.input_layernorm.input,0.014979695901274681,0.019908184185624123,0.9985389709472656,0.0019310072530061007
10,model.layers.22.input_layernorm.output,0.06501232832670212,0.08897394686937332,0.9981890320777893,0.11139541864395142
10,model.layers.22.linear_attn.conv1d.input,0.046383995562791824,0.06554483622312546,0.9996159076690674,7.408569812774658
10,model.layers.22.linear_attn.conv1d.output,0.019466949626803398,0.043854691088199615,0.9997922778129578,1.2132847309112549
10,model.layers.22.linear_attn.in_proj_a.input,0.06501232832670212,0.08897394686937332,0.9981890320777893,0.11139541864395142
10,model.layers.22.linear_attn.in_proj_a.output,0.07958908379077911,0.1042323186993599,0.9987385272979736,0.030225396156311035
10,model.layers.22.linear_attn.in_proj_b.input,0.06501232832670212,0.08897394686937332,0.9981890320777893,0.11139541864395142
10,model.layers.22.linear_attn.in_proj_b.output,0.04585390165448189,0.06327370554208755,0.9996532201766968,0.011911028064787388
10,model.layers.22.linear_attn.in_proj_qkv.input,0.06501232832670212,0.08897394686937332,0.9981890320777893,0.11139541864395142
10,model.layers.22.linear_attn.in_proj_qkv.output,0.046383995562791824,0.06554483622312546,0.9996157884597778,0.05274476110935211
10,model.layers.22.linear_attn.in_proj_z.input,0.06501232832670212,0.08897394686937332,0.9981890320777893,0.11139541864395142
10,model.layers.22.linear_attn.in_proj_z.output,0.04326546937227249,0.05993065983057022,0.999634325504303,0.015619363635778427
10,model.layers.22.linear_attn.norm.input,3.333679342176765e-05,0.0001477136684115976,0.9989478588104248,2.3964958018041216e-08
10,model.layers.22.linear_attn.norm.output,0.004086516797542572,0.008827504701912403,0.9982772469520569,0.00010139432561118156
10,model.layers.22.linear_attn.out_proj.input,0.004086516797542572,0.008827504701912403,0.9982772469520569,0.001562981866300106
10,model.layers.22.linear_attn.out_proj.output,0.0034797056578099728,0.004731914959847927,0.9975756406784058,0.00011195616389159113
10,model.layers.22.linear_attn.output,0.0034797056578099728,0.004731914959847927,0.9975756406784058,0.00011195616389159113
10,model.layers.22.mlp.act_fn.input,0.034653451293706894,0.04720738157629967,0.9995742440223694,0.008966343477368355
10,model.layers.22.mlp.act_fn.output,0.007678729947656393,0.015004980377852917,0.9992316961288452,0.0030577920842915773
10,model.layers.22.mlp.down_proj.input,0.005972158629447222,0.010652147233486176,0.9984702467918396,0.0007389647653326392
10,model.layers.22.mlp.down_proj.output,0.004881653003394604,0.006458956282585859,0.9981781244277954,0.00020411478180903941
10,model.layers.22.mlp.gate_proj.input,0.05776522681117058,0.0781087651848793,0.9981675744056702,0.04133535921573639
10,model.layers.22.mlp.gate_proj.output,0.034653451293706894,0.04720738157629967,0.9995742440223694,0.008966343477368355
10,model.layers.22.mlp.input,0.05776522681117058,0.0781087651848793,0.9981675744056702,0.04133535921573639
10,model.layers.22.mlp.output,0.004881653003394604,0.006458956282585859,0.9981781244277954,0.00020411478180903941
10,model.layers.22.mlp.up_proj.input,0.05776522681117058,0.0781087651848793,0.9981675744056702,0.04133535921573639
10,model.layers.22.mlp.up_proj.output,0.01979111321270466,0.0261650700122118,0.9984654188156128,0.0034688373561948538
10,model.layers.22.output,0.016514023765921593,0.022014891728758812,0.9986187815666199,0.0022993015591055155
10,model.layers.22.post_attention_layernorm.input,0.015368854627013206,0.02060592919588089,0.9986554384231567,0.0020377812907099724
10,model.layers.22.post_attention_layernorm.output,0.05776522681117058,0.0781087651848793,0.9981675744056702,0.04133535921573639
10,model.layers.23.input,0.016514023765921593,0.022014891728758812,0.9986187815666199,0.0022993015591055155
10,model.layers.23.input_layernorm.input,0.016514023765921593,0.022014891728758812,0.9986187815666199,0.0022993015591055155
10,model.layers.23.input_layernorm.output,0.052273787558078766,0.07017432153224945,0.9984877109527588,0.03350606560707092
10,model.layers.23.mlp.act_fn.input,0.033168915659189224,0.044845663011074066,0.9996166229248047,0.003997679799795151
10,model.layers.23.mlp.act_fn.output,0.008695368655025959,0.016545316204428673,0.9997403621673584,0.0035321712493896484
10,model.layers.23.mlp.down_proj.input,0.008311518467962742,0.01891697198152542,0.9987276196479797,0.00796907115727663
10,model.layers.23.mlp.down_proj.output,0.009146202355623245,0.01307080127298832,0.9993709325790405,0.0018381832633167505
10,model.layers.23.mlp.gate_proj.input,0.053407978266477585,0.07165523618459702,0.9982015490531921,0.02296518348157406
10,model.layers.23.mlp.gate_proj.output,0.033168915659189224,0.044845663011074066,0.9996166229248047,0.003997679799795151
10,model.layers.23.mlp.input,0.053407978266477585,0.07165523618459702,0.9982015490531921,0.02296518348157406
10,model.layers.23.mlp.output,0.009146202355623245,0.01307080127298832,0.9993709325790405,0.0018381832633167505
10,model.layers.23.mlp.up_proj.input,0.053407978266477585,0.07165523618459702,0.9982015490531921,0.02296518348157406
10,model.layers.23.mlp.up_proj.output,0.02027304470539093,0.02679264172911644,0.9991647601127625,0.008792377077043056
10,model.layers.23.output,0.018715424463152885,0.024574868381023407,0.9985767602920532,0.003666146192699671
10,model.layers.23.post_attention_layernorm.input,0.01594816893339157,0.021319864317774773,0.9985191822052002,0.002058569807559252
10,model.layers.23.post_attention_layernorm.output,0.053407978266477585,0.07165523618459702,0.9982015490531921,0.02296518348157406
10,model.layers.23.self_attn.k_norm.input,0.018767287954688072,0.02502897009253502,0.9991709589958191,0.006983647122979164
10,model.layers.23.self_attn.k_norm.output,0.043755996972322464,0.06003566458821297,0.9991503357887268,0.07131845504045486
10,model.layers.23.self_attn.k_proj.input,0.052273787558078766,0.07017432153224945,0.9984877109527588,0.03350606560707092
10,model.layers.23.self_attn.k_proj.output,0.018767287954688072,0.02502897009253502,0.9991709589958191,0.0035421005450189114
10,model.layers.23.self_attn.o_proj.input,0.007090615574270487,0.014135006815195084,0.9992812871932983,0.004283137619495392
10,model.layers.23.self_attn.o_proj.output,0.005560404155403376,0.007661106530576944,0.9989632368087769,0.0002958418626803905
10,model.layers.23.self_attn.output,0.005560404155403376,0.007661106530576944,0.9989632368087769,0.0002958418626803905
10,model.layers.23.self_attn.q_norm.input,0.021869434043765068,0.03009212203323841,0.9994749426841736,0.060909077525138855
10,model.layers.23.self_attn.q_norm.output,0.034707505255937576,0.04672715440392494,0.9992205500602722,0.10460428148508072
10,model.layers.23.self_attn.q_proj.input,0.052273787558078766,0.07017432153224945,0.9984877109527588,0.03350606560707092
10,model.layers.23.self_attn.q_proj.output,0.030963772907853127,0.043094757944345474,0.9998283386230469,0.028694842010736465
10,model.layers.23.self_attn.v_proj.input,0.052273787558078766,0.07017432153224945,0.9984877109527588,0.03350606560707092
10,model.layers.23.self_attn.v_proj.output,0.03652854636311531,0.04921693354845047,0.9998533725738525,0.02862940914928913
10,model.layers.3.input,0.0033409595489501953,0.004608986433595419,0.9988674521446228,9.902095189318061e-05
10,model.layers.3.input_layernorm.input,0.0033409595489501953,0.004608986433595419,0.9988674521446228,9.902095189318061e-05
10,model.layers.3.input_layernorm.output,0.048547226935625076,0.06574716418981552,0.9988924860954285,0.023650463670492172
10,model.layers.3.mlp.act_fn.input,0.03064139187335968,0.041407838463783264,0.9993658661842346,0.007555555086582899
10,model.layers.3.mlp.act_fn.output,0.006341247819364071,0.011718692258000374,0.9987926483154297,0.0015726668061688542
10,model.layers.3.mlp.down_proj.input,0.003462367458269,0.005720486864447594,0.9972912073135376,0.00019495080050546676
10,model.layers.3.mlp.down_proj.output,0.0023699875455349684,0.0032950122840702534,0.9969554543495178,5.5321521358564496e-05
10,model.layers.3.mlp.gate_proj.input,0.04661018028855324,0.062179964035749435,0.9984652400016785,0.018881648778915405
10,model.layers.3.mlp.gate_proj.output,0.03064139187335968,0.041407838463783264,0.9993658661842346,0.007555555086582899
10,model.layers.3.mlp.input,0.04661018028855324,0.062179964035749435,0.9984652400016785,0.018881648778915405
10,model.layers.3.mlp.output,0.0023699875455349684,0.0032950122840702534,0.9969554543495178,5.5321521358564496e-05
10,model.layers.3.mlp.up_proj.input,0.04661018028855324,0.062179964035749435,0.9984652400016785,0.018881648778915405
10,model.layers.3.mlp.up_proj.output,0.013395531103014946,0.01755739562213421,0.9979287385940552,0.0015473068924620748
10,model.layers.3.output,0.0035262133460491896,0.004808338358998299,0.9985108971595764,0.00011252047261223197
10,model.layers.3.post_attention_layernorm.input,0.003573984606191516,0.0049566240049898624,0.9987122416496277,0.0001136936480179429
10,model.layers.3.post_attention_layernorm.output,0.04661018028855324,0.062179964035749435,0.9984652400016785,0.018881648778915405
10,model.layers.3.self_attn.k_norm.input,0.022838007658720016,0.03111141547560692,0.9993708729743958,0.012404896318912506
10,model.layers.3.self_attn.k_norm.output,0.03750558942556381,0.05121152102947235,0.9993456602096558,0.03251500800251961
10,model.layers.3.self_attn.k_proj.input,0.048547226935625076,0.06574716418981552,0.9988924860954285,0.023650463670492172
10,model.layers.3.self_attn.k_proj.output,0.022838007658720016,0.03111141547560692,0.9993708729743958,0.006394157651811838
10,model.layers.3.self_attn.o_proj.input,0.001573891961015761,0.003929580096155405,0.9983580112457275,7.278844714164734e-05
10,model.layers.3.self_attn.o_proj.output,0.0014403200475499034,0.0020415829494595528,0.997128427028656,2.127487096004188e-05
10,model.layers.3.self_attn.output,0.0014403200475499034,0.0020415829494595528,0.997128427028656,2.127487096004188e-05
10,model.layers.3.self_attn.q_norm.input,0.024039197713136673,0.033097509294748306,0.9995796084403992,0.08435534685850143
10,model.layers.3.self_attn.q_norm.output,0.03205696493387222,0.04353116452693939,0.9994203448295593,0.08582022786140442
10,model.layers.3.self_attn.q_proj.input,0.048547226935625076,0.06574716418981552,0.9988924860954285,0.023650463670492172
10,model.layers.3.self_attn.q_proj.output,0.040217407047748566,0.056628476828336716,0.999835729598999,0.02176477573812008
10,model.layers.3.self_attn.v_proj.input,0.048547226935625076,0.06574716418981552,0.9988924860954285,0.023650463670492172
10,model.layers.3.self_attn.v_proj.output,0.024646705016493797,0.03339488431811333,0.9988861680030823,0.005566691048443317
10,model.layers.4.input,0.0035262133460491896,0.004808338358998299,0.9985108971595764,0.00011252047261223197
10,model.layers.4.input_layernorm.input,0.0035262133460491896,0.004808338358998299,0.9985108971595764,0.00011252047261223197
10,model.layers.4.input_layernorm.output,0.060075677931308746,0.08161330968141556,0.9984592199325562,0.03446101397275925
10,model.layers.4.linear_attn.conv1d.input,0.04449326917529106,0.06385031342506409,0.999514102935791,6.346688747406006
10,model.layers.4.linear_attn.conv1d.output,0.010620519518852234,0.02885521948337555,0.9996553659439087,0.7432863116264343
10,model.layers.4.linear_attn.in_proj_a.input,0.060075677931308746,0.08161330968141556,0.9984592199325562,0.03446101397275925
10,model.layers.4.linear_attn.in_proj_a.output,0.06342478096485138,0.08266164362430573,0.9989395141601562,0.014369983226060867
10,model.layers.4.linear_attn.in_proj_b.input,0.060075677931308746,0.08161330968141556,0.9984592199325562,0.03446101397275925
10,model.layers.4.linear_attn.in_proj_b.output,0.039707183837890625,0.05396021902561188,0.9995776414871216,0.005948354955762625
10,model.layers.4.linear_attn.in_proj_qkv.input,0.060075677931308746,0.08161330968141556,0.9984592199325562,0.03446101397275925
10,model.layers.4.linear_attn.in_proj_qkv.output,0.04449326917529106,0.06385031342506409,0.9995133876800537,0.04597817361354828
10,model.layers.4.linear_attn.in_proj_z.input,0.060075677931308746,0.08161330968141556,0.9984592199325562,0.03446101397275925
10,model.layers.4.linear_attn.in_proj_z.output,0.042402155697345734,0.0585402213037014,0.999559760093689,0.01175476424396038
10,model.layers.4.linear_attn.norm.input,2.8604092221939936e-05,0.00023111897462513298,0.9993692636489868,2.6934561248026512e-08
10,model.layers.4.linear_attn.norm.output,0.0018249225104227662,0.004706377163529396,0.996116042137146,1.1474848179204855e-05
10,model.layers.4.linear_attn.out_proj.input,0.0018249225104227662,0.004706377163529396,0.996116042137146,0.0001149372837971896
10,model.layers.4.linear_attn.out_proj.output,0.0014753262512385845,0.0020118982065469027,0.9962252974510193,2.025988942477852e-05
10,model.layers.4.linear_attn.output,0.0014753262512385845,0.0020118982065469027,0.9962252974510193,2.025988942477852e-05
10,model.layers.4.mlp.act_fn.input,0.027782674878835678,0.037300847470760345,0.9992293119430542,0.006027710624039173
10,model.layers.4.mlp.act_fn.output,0.006384874228388071,0.011054676957428455,0.9988433122634888,0.0008860857924446464
10,model.layers.4.mlp.down_proj.input,0.003523522289469838,0.00546702416613698,0.9959900379180908,0.00015809544129297137
10,model.layers.4.mlp.down_proj.output,0.0022483631037175655,0.0030498183332383633,0.9957616329193115,4.75383349112235e-05
10,model.layers.4.mlp.gate_proj.input,0.04946781322360039,0.06694263964891434,0.9981663227081299,0.01990608125925064
10,model.layers.4.mlp.gate_proj.output,0.027782674878835678,0.037300847470760345,0.9992293119430542,0.006027710624039173
10,model.layers.4.mlp.input,0.04946781322360039,0.06694263964891434,0.9981663227081299,0.01990608125925064
10,model.layers.4.mlp.output,0.0022483631037175655,0.0030498183332383633,0.9957616329193115,4.75383349112235e-05
10,model.layers.4.mlp.up_proj.input,0.04946781322360039,0.06694263964891434,0.9981663227081299,0.01990608125925064
10,model.layers.4.mlp.up_proj.output,0.014248406514525414,0.01876741647720337,0.9973890781402588,0.0017666833009570837
10,model.layers.4.output,0.0034144925884902477,0.00477880984544754,0.9984312653541565,0.00010750001820269972
10,model.layers.4.post_attention_layernorm.input,0.0036398624069988728,0.005041060037910938,0.9984737634658813,0.00011903847189387307
10,model.layers.4.post_attention_layernorm.output,0.04946781322360039,0.06694263964891434,0.9981663227081299,0.01990608125925064
10,model.layers.5.input,0.0034144925884902477,0.00477880984544754,0.9984312653541565,0.00010750001820269972
10,model.layers.5.input_layernorm.input,0.0034144925884902477,0.00477880984544754,0.9984312653541565,0.00010750001820269972
10,model.layers.5.input_layernorm.output,0.059818774461746216,0.08143912255764008,0.9983256459236145,0.01975640282034874
10,model.layers.5.linear_attn.conv1d.input,0.03945542126893997,0.055638089776039124,0.9994511604309082,5.742436408996582
10,model.layers.5.linear_attn.conv1d.output,0.007253886200487614,0.020018497481942177,0.9995962977409363,0.46497684717178345
10,model.layers.5.linear_attn.in_proj_a.input,0.059818774461746216,0.08143912255764008,0.9983256459236145,0.01975640282034874
10,model.layers.5.linear_attn.in_proj_a.output,0.05717277526855469,0.07158858329057693,0.9992406368255615,0.00901083555072546
10,model.layers.5.linear_attn.in_proj_b.input,0.059818774461746216,0.08143912255764008,0.9983256459236145,0.01975640282034874
10,model.layers.5.linear_attn.in_proj_b.output,0.05111704021692276,0.07572515308856964,0.9993438124656677,0.012197703123092651
10,model.layers.5.linear_attn.in_proj_qkv.input,0.059818774461746216,0.08143912255764008,0.9983256459236145,0.01975640282034874
10,model.layers.5.linear_attn.in_proj_qkv.output,0.03945542126893997,0.055638089776039124,0.9994515776634216,0.0699792355298996
10,model.layers.5.linear_attn.in_proj_z.input,0.059818774461746216,0.08143912255764008,0.9983256459236145,0.01975640282034874
10,model.layers.5.linear_attn.in_proj_z.output,0.03501647710800171,0.04750092327594757,0.9995068907737732,0.00900890864431858
10,model.layers.5.linear_attn.norm.input,1.5268062270479277e-05,7.740839646430686e-05,0.9994152784347534,-7.446033234437266e-10
10,model.layers.5.linear_attn.norm.output,0.0022609347943216562,0.005184822250157595,0.9957026243209839,1.5751687897136435e-05
10,model.layers.5.linear_attn.out_proj.input,0.0022609347943216562,0.005184822250157595,0.9957026243209839,0.00015997672744560987
10,model.layers.5.linear_attn.out_proj.output,0.0016555149341002107,0.0022085837554186583,0.9954142570495605,2.4609464162494987e-05
10,model.layers.5.linear_attn.output,0.0016555149341002107,0.0022085837554186583,0.9954142570495605,2.4609464162494987e-05
10,model.layers.5.mlp.act_fn.input,0.026335692033171654,0.034901294857263565,0.9991249442100525,0.005322637036442757
10,model.layers.5.mlp.act_fn.output,0.006879562512040138,0.011415015906095505,0.9986604452133179,0.0009025462786667049
10,model.layers.5.mlp.down_proj.input,0.0034012857358902693,0.005217713303864002,0.9953550100326538,0.00014539682888425887
10,model.layers.5.mlp.down_proj.output,0.0021132465917617083,0.002865168498829007,0.9953513741493225,4.1310995584353805e-05
10,model.layers.5.mlp.gate_proj.input,0.049790672957897186,0.06638720631599426,0.9980229139328003,0.017517901957035065
10,model.layers.5.mlp.gate_proj.output,0.026335692033171654,0.034901294857263565,0.9991249442100525,0.005322637036442757
10,model.layers.5.mlp.input,0.049790672957897186,0.06638720631599426,0.9980229139328003,0.017517901957035065
10,model.layers.5.mlp.output,0.0021132465917617083,0.002865168498829007,0.9953513741493225,4.1310995584353805e-05
10,model.layers.5.mlp.up_proj.input,0.049790672957897186,0.06638720631599426,0.9980229139328003,0.017517901957035065
10,model.layers.5.mlp.up_proj.output,0.014361646957695484,0.018774794414639473,0.9970871210098267,0.0017741757910698652
10,model.layers.5.output,0.0033269107807427645,0.004640743136405945,0.9984536170959473,0.00010285531607223675
10,model.layers.5.post_attention_layernorm.input,0.0036185334902256727,0.004975348711013794,0.9984602928161621,0.00011765361705329269
10,model.layers.5.post_attention_layernorm.output,0.049790672957897186,0.06638720631599426,0.9980229139328003,0.017517901957035065
10,model.layers.6.input,0.0033269107807427645,0.004640743136405945,0.9984536170959473,0.00010285531607223675
10,model.layers.6.input_layernorm.input,0.0033269107807427645,0.004640743136405945,0.9984536170959473,0.00010285531607223675
10,model.layers.6.input_layernorm.output,0.05642888695001602,0.07589782774448395,0.9983664155006409,0.022526688873767853
10,model.layers.6.linear_attn.conv1d.input,0.03575151041150093,0.05079766735434532,0.9992209076881409,5.076903343200684
10,model.layers.6.linear_attn.conv1d.output,0.005559940356761217,0.016207152977585793,0.9995203614234924,0.36148184537887573
10,model.layers.6.linear_attn.in_proj_a.input,0.05642888695001602,0.07589782774448395,0.9983664155006409,0.022526688873767853
10,model.layers.6.linear_attn.in_proj_a.output,0.05944423750042915,0.0750560387969017,0.999015748500824,0.010279392823576927
10,model.layers.6.linear_attn.in_proj_b.input,0.05642888695001602,0.07589782774448395,0.9983664155006409,0.022526688873767853
10,model.layers.6.linear_attn.in_proj_b.output,0.04887561872601509,0.06724728643894196,0.9992808699607849,0.014034464955329895
10,model.layers.6.linear_attn.in_proj_qkv.input,0.05642888695001602,0.07589782774448395,0.9983664155006409,0.022526688873767853
10,model.layers.6.linear_attn.in_proj_qkv.output,0.03575151041150093,0.05079766735434532,0.9992197751998901,0.02051207236945629
10,model.layers.6.linear_attn.in_proj_z.input,0.05642888695001602,0.07589782774448395,0.9983664155006409,0.022526688873767853
10,model.layers.6.linear_attn.in_proj_z.output,0.03525681421160698,0.04833682253956795,0.9995985627174377,0.007765002548694611
10,model.layers.6.linear_attn.norm.input,8.237306246883236e-06,3.7638423236785457e-05,0.9993948936462402,1.3330061499061685e-08
10,model.layers.6.linear_attn.norm.output,0.002262536436319351,0.005474747624248266,0.9998607635498047,1.4229636690288316e-05
10,model.layers.6.linear_attn.out_proj.input,0.002262536436319351,0.005474747624248266,0.9998607635498047,0.00014400803775060922
10,model.layers.6.linear_attn.out_proj.output,0.0022881743498146534,0.003979948349297047,0.9997127056121826,8.517020614817739e-05
10,model.layers.6.linear_attn.output,0.0022881743498146534,0.003979948349297047,0.9997127056121826,8.517020614817739e-05
10,model.layers.6.mlp.act_fn.input,0.023153256624937057,0.03187352418899536,0.9990481734275818,0.004686120431870222
10,model.layers.6.mlp.act_fn.output,0.007176780607551336,0.012344751507043839,0.9984982013702393,0.001053797546774149
10,model.layers.6.mlp.down_proj.input,0.0033670179545879364,0.005682197865098715,0.9954892992973328,0.00017632576054893434
10,model.layers.6.mlp.down_proj.output,0.0022042959462851286,0.0029848129488527775,0.9955193400382996,4.527517012320459e-05
10,model.layers.6.mlp.gate_proj.input,0.047898467630147934,0.06490962207317352,0.9982028603553772,0.01788368821144104
10,model.layers.6.mlp.gate_proj.output,0.023153256624937057,0.03187352418899536,0.9990481734275818,0.004686120431870222
10,model.layers.6.mlp.input,0.047898467630147934,0.06490962207317352,0.9982028603553772,0.01788368821144104
10,model.layers.6.mlp.output,0.0022042959462851286,0.0029848129488527775,0.9955193400382996,4.527517012320459e-05
10,model.layers.6.mlp.up_proj.input,0.047898467630147934,0.06490962207317352,0.9982028603553772,0.01788368821144104
10,model.layers.6.mlp.up_proj.output,0.014004183001816273,0.018750952556729317,0.9981045126914978,0.00265806564129889
10,model.layers.6.output,0.004254435189068317,0.006431716028600931,0.9995028972625732,0.00023016316117718816
10,model.layers.6.post_attention_layernorm.input,0.004197006579488516,0.006285869982093573,0.9994938373565674,0.00022006488870829344
10,model.layers.6.post_attention_layernorm.output,0.047898467630147934,0.06490962207317352,0.9982028603553772,0.01788368821144104
10,model.layers.7.input,0.004254435189068317,0.006431716028600931,0.9995028972625732,0.00023016316117718816
10,model.layers.7.input_layernorm.input,0.004254435189068317,0.006431716028600931,0.9995028972625732,0.00023016316117718816
10,model.layers.7.input_layernorm.output,0.044340651482343674,0.06040522828698158,0.9986509084701538,0.016690120100975037
10,model.layers.7.mlp.act_fn.input,0.020400991663336754,0.02732250466942787,0.9992052912712097,0.0035349158570170403
10,model.layers.7.mlp.act_fn.output,0.0064079370349645615,0.01031528040766716,0.9987293481826782,0.0007000036421231925
10,model.layers.7.mlp.down_proj.input,0.0030459698755294085,0.004953195806592703,0.9955166578292847,0.00012030154175590724
10,model.layers.7.mlp.down_proj.output,0.0019451084081083536,0.002632064511999488,0.9964163303375244,3.3807453291956335e-05
10,model.layers.7.mlp.gate_proj.input,0.04680762439966202,0.0629236251115799,0.9981480836868286,0.021319540217518806
10,model.layers.7.mlp.gate_proj.output,0.020400991663336754,0.02732250466942787,0.9992052912712097,0.0035349158570170403
10,model.layers.7.mlp.input,0.04680762439966202,0.0629236251115799,0.9981480836868286,0.021319540217518806
10,model.layers.7.mlp.output,0.0019451084081083536,0.002632064511999488,0.9964163303375244,3.3807453291956335e-05
10,model.layers.7.mlp.up_proj.input,0.04680762439966202,0.0629236251115799,0.9981480836868286,0.021319540217518806
10,model.layers.7.mlp.up_proj.output,0.013943776488304138,0.01830466464161873,0.9974930882453918,0.001707742689177394
10,model.layers.7.output,0.0038351244293153286,0.00545905577018857,0.9987459182739258,0.00014188072236720473
10,model.layers.7.post_attention_layernorm.input,0.00404225243255496,0.005724012386053801,0.9989792704582214,0.00015514413826167583
10,model.layers.7.post_attention_layernorm.output,0.04680762439966202,0.0629236251115799,0.9981480836868286,0.021319540217518806
10,model.layers.7.self_attn.k_norm.input,0.018708590418100357,0.02624342031776905,0.9993230700492859,0.008600924164056778
10,model.layers.7.self_attn.k_norm.output,0.0494302399456501,0.06828466802835464,0.9989680647850037,0.05797214433550835
10,model.layers.7.self_attn.k_proj.input,0.044340651482343674,0.06040522828698158,0.9986509084701538,0.016690120100975037
10,model.layers.7.self_attn.k_proj.output,0.018708590418100357,0.02624342031776905,0.9993230700492859,0.00372272334061563
10,model.layers.7.self_attn.o_proj.input,0.002737876493483782,0.005597027018666267,0.9994309544563293,0.00012517865980044007
10,model.layers.7.self_attn.o_proj.output,0.0018418552353978157,0.003350871382281184,0.9995833039283752,6.907267379574478e-05
10,model.layers.7.self_attn.output,0.0018418552353978157,0.003350871382281184,0.9995833039283752,6.907267379574478e-05
10,model.layers.7.self_attn.q_norm.input,0.020501457154750824,0.029071973636746407,0.9995536208152771,0.13213425874710083
10,model.layers.7.self_attn.q_norm.output,0.03394874185323715,0.04647786170244217,0.9993736147880554,0.09032544493675232
10,model.layers.7.self_attn.q_proj.input,0.044340651482343674,0.06040522828698158,0.9986509084701538,0.016690120100975037
10,model.layers.7.self_attn.q_proj.output,0.029160499572753906,0.041130971163511276,0.9997956156730652,0.03198559582233429
10,model.layers.7.self_attn.v_proj.input,0.044340651482343674,0.06040522828698158,0.9986509084701538,0.016690120100975037
10,model.layers.7.self_attn.v_proj.output,0.021305765956640244,0.030770447105169296,0.9991956353187561,0.004158176947385073
10,model.layers.8.input,0.0038351244293153286,0.00545905577018857,0.9987459182739258,0.00014188072236720473
10,model.layers.8.input_layernorm.input,0.0038351244293153286,0.00545905577018857,0.9987459182739258,0.00014188072236720473
10,model.layers.8.input_layernorm.output,0.056136347353458405,0.07593516260385513,0.9983228445053101,0.02548622153699398
10,model.layers.8.linear_attn.conv1d.input,0.03704012185335159,0.05241348594427109,0.9993928670883179,5.0255045890808105
10,model.layers.8.linear_attn.conv1d.output,0.005934564862400293,0.01766994781792164,0.9996169805526733,0.28292375802993774
10,model.layers.8.linear_attn.in_proj_a.input,0.056136347353458405,0.07593516260385513,0.9983228445053101,0.02548622153699398
10,model.layers.8.linear_attn.in_proj_a.output,0.07437872886657715,0.09032324701547623,0.9982683062553406,0.010150961577892303
10,model.layers.8.linear_attn.in_proj_b.input,0.056136347353458405,0.07593516260385513,0.9983228445053101,0.02548622153699398
10,model.layers.8.linear_attn.in_proj_b.output,0.05382063239812851,0.06956999003887177,0.9993448257446289,0.0033031292259693146
10,model.layers.8.linear_attn.in_proj_qkv.input,0.056136347353458405,0.07593516260385513,0.9983228445053101,0.02548622153699398
10,model.layers.8.linear_attn.in_proj_qkv.output,0.03704012185335159,0.05241348594427109,0.9993927478790283,0.044415853917598724
10,model.layers.8.linear_attn.in_proj_z.input,0.056136347353458405,0.07593516260385513,0.9983228445053101,0.02548622153699398
10,model.layers.8.linear_attn.in_proj_z.output,0.031492169946432114,0.04285212978720665,0.9996314644813538,0.007004759274423122
10,model.layers.8.linear_attn.norm.input,1.9375846022740006e-05,0.00021725888655055314,0.9986332058906555,2.6340057246443394e-08
10,model.layers.8.linear_attn.norm.output,0.0023109964095056057,0.005144973751157522,0.9966228008270264,1.3404222954704892e-05
10,model.layers.8.linear_attn.out_proj.input,0.0023109964095056057,0.005144973751157522,0.9966228008270264,0.00013637302618008107
10,model.layers.8.linear_attn.out_proj.output,0.0016194336349144578,0.00220155599527061,0.9941492080688477,2.443462290102616e-05
10,model.layers.8.linear_attn.output,0.0016194336349144578,0.00220155599527061,0.9941492080688477,2.443462290102616e-05
10,model.layers.8.mlp.act_fn.input,0.019027527421712875,0.025503790006041527,0.9990447163581848,0.0032228685449808836
10,model.layers.8.mlp.act_fn.output,0.006574583705514669,0.010441072285175323,0.9984692931175232,0.0007672778447158635
10,model.layers.8.mlp.down_proj.input,0.002718475414440036,0.004400921054184437,0.9947465658187866,9.732309263199568e-05
10,model.layers.8.mlp.down_proj.output,0.0016893030842766166,0.0022564688697457314,0.9949586391448975,2.527033575461246e-05
10,model.layers.8.mlp.gate_proj.input,0.046221230179071426,0.061958588659763336,0.9981003999710083,0.02474813163280487
10,model.layers.8.mlp.gate_proj.output,0.019027527421712875,0.025503790006041527,0.9990447163581848,0.0032228685449808836
10,model.layers.8.mlp.input,0.046221230179071426,0.061958588659763336,0.9981003999710083,0.02474813163280487
10,model.layers.8.mlp.output,0.0016893030842766166,0.0022564688697457314,0.9949586391448975,2.527033575461246e-05
10,model.layers.8.mlp.up_proj.input,0.046221230179071426,0.061958588659763336,0.9981003999710083,0.02474813163280487
10,model.layers.8.mlp.up_proj.output,0.013462374918162823,0.017629016190767288,0.9972086548805237,0.0018346975557506084
10,model.layers.8.output,0.003778591752052307,0.005372529849410057,0.9987587332725525,0.00014005208504386246
10,model.layers.8.post_attention_layernorm.input,0.0040330649353563786,0.005727421026676893,0.9987078309059143,0.00015577346493955702
10,model.layers.8.post_attention_layernorm.output,0.046221230179071426,0.061958588659763336,0.9981003999710083,0.02474813163280487
10,model.layers.9.input,0.003778591752052307,0.005372529849410057,0.9987587332725525,0.00014005208504386246
10,model.layers.9.input_layernorm.input,0.003778591752052307,0.005372529849410057,0.9987587332725525,0.00014005208504386246
10,model.layers.9.input_layernorm.output,0.05571799725294113,0.07533586770296097,0.9982737302780151,0.03944890573620796
10,model.layers.9.linear_attn.conv1d.input,0.03355809673666954,0.04716203734278679,0.9991255402565002,4.287803649902344
10,model.layers.9.linear_attn.conv1d.output,0.004455219488590956,0.014596542343497276,0.9995142817497253,0.21191732585430145
10,model.layers.9.linear_attn.in_proj_a.input,0.05571799725294113,0.07533586770296097,0.9982737302780151,0.03944890573620796
10,model.layers.9.linear_attn.in_proj_a.output,0.06682462990283966,0.08364186435937881,0.9993785619735718,0.012166955508291721
10,model.layers.9.linear_attn.in_proj_b.input,0.05571799725294113,0.07533586770296097,0.9982737302780151,0.03944890573620796
10,model.layers.9.linear_attn.in_proj_b.output,0.053685761988162994,0.08775541186332703,0.9998363256454468,0.004961682483553886
10,model.layers.9.linear_attn.in_proj_qkv.input,0.05571799725294113,0.07533586770296097,0.9982737302780151,0.03944890573620796
10,model.layers.9.linear_attn.in_proj_qkv.output,0.03355809673666954,0.04716203734278679,0.9991253018379211,0.044290702790021896
10,model.layers.9.linear_attn.in_proj_z.input,0.05571799725294113,0.07533586770296097,0.9982737302780151,0.03944890573620796
10,model.layers.9.linear_attn.in_proj_z.output,0.030360886827111244,0.041530393064022064,0.9995522499084473,0.007373536005616188
10,model.layers.9.linear_attn.norm.input,7.713533705100417e-06,3.243763421778567e-05,0.9980907440185547,1.538057903260892e-09
10,model.layers.9.linear_attn.norm.output,0.0019243567949160933,0.004615352023392916,0.9943568706512451,9.716655767988414e-06
10,model.layers.9.linear_attn.out_proj.input,0.0019243567949160933,0.004615352023392916,0.9943568706512451,9.740317182149738e-05
10,model.layers.9.linear_attn.out_proj.output,0.001391630619764328,0.0019215336069464684,0.9949949383735657,1.909856655402109e-05
10,model.layers.9.linear_attn.output,0.001391630619764328,0.0019215336069464684,0.9949949383735657,1.909856655402109e-05
10,model.layers.9.mlp.act_fn.input,0.016951022669672966,0.022630468010902405,0.9989241361618042,0.0025196820497512817
10,model.layers.9.mlp.act_fn.output,0.006474797613918781,0.009680871851742268,0.9985113739967346,0.0005761333159171045
10,model.layers.9.mlp.down_proj.input,0.0025305061135441065,0.003929799888283014,0.9949443936347961,7.727342017460614e-05
10,model.layers.9.mlp.down_proj.output,0.0015002212021499872,0.0020066346041858196,0.9949590563774109,1.902866097225342e-05
10,model.layers.9.mlp.gate_proj.input,0.046680551022291183,0.06213581562042236,0.9980296492576599,0.032063789665699005
10,model.layers.9.mlp.gate_proj.output,0.016951022669672966,0.022630468010902405,0.9989241361618042,0.0025196820497512817
10,model.layers.9.mlp.input,0.046680551022291183,0.06213581562042236,0.9980296492576599,0.032063789665699005
10,model.layers.9.mlp.output,0.0015002212021499872,0.0020066346041858196,0.9949590563774109,1.902866097225342e-05
10,model.layers.9.mlp.up_proj.input,0.046680551022291183,0.06213581562042236,0.9980296492576599,0.032063789665699005
10,model.layers.9.mlp.up_proj.output,0.013414700515568256,0.0174801517277956,0.9973658323287964,0.0015367073938250542
10,model.layers.9.output,0.003907475620508194,0.005530634429305792,0.9987261891365051,0.00014708937669638544
10,model.layers.9.post_attention_layernorm.input,0.004068906418979168,0.005745418835431337,0.9986865520477295,0.00015554449055343866
10,model.layers.9.post_attention_layernorm.output,0.046680551022291183,0.06213581562042236,0.9980296492576599,0.032063789665699005
